product_id,revenue_total,nombre_participants,indice_rent
100,8.350595E9,4,20.876488
101,8.422129E9,9,9.357922
102,8.3601336E9,4,20.900333
103,8.396663E9,8,10.495829
104,8.1415194E9,7,11.630742
105,8.3295416E9,5,16.659082
