product_id,revenue_total,nombre_participants,indice_rent
100,5.575672E9,4,13.939179
101,1.3116622E10,9,14.574024
102,1.7428228E10,4,43.57057
103,2.5827953E9,8,3.2284942
104,5.59498E9,7,7.9928284
105,5.702286E9,5,11.404572
