employee_id,product_id,note_projet
100,,37.199917
101,,21.031012
102,,17.802519
103,,21.932007
104,,156.08275
105,,19.214151
106,,33.971424
107,,44.74115
108,,61.37309
109,,86.6578
