employee_id,product_id,note_projet
100,,48.143574
101,,30.34958
102,,19.85375
103,,32.50723
104,,130.67448
105,,33.757313
106,,37.647747
107,,65.82539
108,,40.754086
109,,60.492664
